sample_index,true_dust_mg_m3,common_gain,dual_color_raw_mg_m3,dual_color_filtered_mg_m3,single_color_raw_mg_m3,single_color_filtered_mg_m3
1,53.115346738469206,1.0483163265428268,50.09912461353782,53.8549658701617,45.416215336187406,45.92838983565988
2,55.94710485084847,1.058570699143351,53.71886806294329,55.40934065225598,46.009498572817904,46.400113379990636
3,58.58449895915828,1.0680044482485935,57.74690493400401,57.056998109687854,46.3594555979743,46.893591957766034
4,60.968362219325854,1.0763285833446046,60.0724649985388,59.40467691982328,47.81528401298293,47.65980928447108
5,63.04930366341567,1.083286833711877,63.64762793941535,61.4968822454705,48.867506268867615,48.67226264778071
6,64.78943307381496,1.088667423651365,61.83751866421493,62.342382298386724,49.24730196971262,49.4909626680281
7,66.1636205697249,1.0923127578655807,64.17989469117943,65.15199489395268,51.0717653893661,50.46222644699593
8,67.16024113641774,1.0941265132077103,61.974405198585075,65.93976059512045,50.45295569921123,51.19316046610191
9,67.78137536889312,1.0940777693661639,74.12052797636859,65.15570275398582,52.671602907822084,52.07138615164375
10,68.04245990807689,1.0922019670570342,67.5864564452542,64.71032170419299,52.52217636439749,52.79144989916629
11,67.97140351076051,1.0885986495807733,57.91722945854178,64.50781232522768,53.63843039742186,53.2645077207175
12,67.60720649485081,1.0834261131833807,61.952989442215326,62.179079167521685,54.67208412697877,53.70389222336113
13,66.99814154714912,1.0768932544447907,60.96185830375852,61.96567634039968,52.8182448069673,54.332963186344365
14,66.19957174347948,1.0692490501632592,62.47686218783863,62.41237648433703,54.868525421040246,54.70348397143173
15,65.27149637982849,1.060770229017259,66.51944230964418,62.78052586137452,55.66753117931366,54.62429198372804
16,64.27592624506195,1.051747788031411,60.150730178228486,62.96544547559752,55.49103432285864,55.46000609461446
17,63.27419682978998,1.042473065536119,63.79373632740279,61.977655806177225,54.276124188460365,55.759473092199904
18,62.32433038177766,1.0332241027675553,61.88645637487348,60.6881204537141,56.99681536139936,56.15926143468137
19,61.47855558781145,1.024253007439285,57.53791384073715,61.01949992077052,56.36586040896751,56.857493915438546
20,60.781087073160236,1.0157749755778853,60.0717655473286,60.275862682479875,57.66647289172093,57.890669686848995
21,60.266256133295045,1.0079595357595041,61.80762751351058,58.98608632066479,58.98219672664453,58.66564829283671
22,59.957069590401666,1.0009244576097163,60.075550135949534,58.7967432383992,59.44200304551264,59.860030521700956
23,59.864255994856386,0.9947326206532776,55.43757456579811,59.07215736868251,60.87170839133791,60.67625671406281
24,59.98583829363384,0.9893919782049845,56.5911984294092,57.853603971004155,62.337771553288796,61.71219108010799
25,60.30725038730716,0.9848585826977891,61.4488361987451,57.79745534907613,61.747603853530165,62.66388872576414
26,60.80199258419678,0.981042472737702,55.71486052511887,59.177791489514945,64.16186855687046,63.843130772550204
27,61.43279875282667,0.9778160672229483,59.79480702630941,61.248837780239704,64.20049127379338,65.04985178644225
28,62.153266882218276,0.9750245764280275,62.33925526799219,60.70960757162103,66.76791862526824,66.17826303611389
29,62.909885648069206,0.9724978313361264,66.94642988303295,62.726409876528486,68.37137662274895,67.66962864036185
30,63.644373234810196,0.9700628565601184,58.75268515565172,63.91424176833853,67.38966010188841,68.89791435727946
31,64.29623174903837,0.9675564730117875,65.79887204965614,64.18376350611268,71.61869657811029,69.83271178277894
32,64.80541160841251,0.9648372161635725,65.73396648535962,64.09596300249137,70.34191985838142,70.77119336664376
33,65.11497566901178,0.9617958943003939,63.686863956863,65.71416883909504,71.44190575276566,72.12688275218564
34,65.1736527533212,0.9583641864849979,66.5074273649264,65.43900912208146,73.06378454207298,72.45281427940817
35,64.9381746652314,0.9545207879766464,66.84371433867001,64.53946541214165,74.1681070295978,72.8595320537134
36,64.37529954723823,0.950294745701899,64.42307346458826,64.59590035135574,73.24835421422303,73.169804222901
37,63.46343718999239,0.9457657807794305,61.23624793566056,65.49087928602115,72.37550872990745,72.98478546425997
38,62.19380812381935,0.941061560693424,63.96903865293348,63.986108790364824,72.99326659870381,72.63230247330746
39,60.57108734225481,0.9363520515314143,70.98232203825347,62.829418158213436,72.13869074886782,71.9570579504913
40,58.61350455072983,0.9318412416694533,59.319861860388365,61.06505658076966,72.4056920748352,71.02672858937329
41,56.35239503813359,0.9277566736846781,58.63962030383133,57.87759957163739,69.8721316001422,69.43187371467678
42,53.83121772630145,0.9243373432252816,52.41444004844166,52.905360585343395,67.72386192431748,67.36499326098992
43,51.1040787433261,0.9218206154559536,48.03175360727212,48.633175202048896,65.0189922252212,64.74024827240389
44,48.23381909899376,0.9204288665285708,46.12112710678355,45.16995357149436,61.8042884804336,62.02560016650985
45,45.289742886356784,0.9203565761984323,37.95893494391583,42.659499148651896,59.28196713190504,59.20458491374742
46,42.34507716186626,0.9217585771683671,41.32351215105866,39.421374924801206,56.298891070671864,56.13218328579474
47,39.47426566454695,0.9247401080636677,39.86216793422932,35.66666068018635,53.61878566050538,53.02013687442758
48,36.75020537159011,0.9293492232444565,31.841132488018687,34.61344272551044,49.6569840854578,49.58671778195857
49,34.24153727335497,0.9355719889624502,27.347555883709237,31.403389907971114,46.24405642359782,45.99087731140954
50,32.01010058715567,0.9433307482992414,32.69284517053628,28.63622490063644,42.11487166955996,42.12991431492113
51,30.108653004606083,0.9524855747784168,25.273248063362054,27.456919569027644,38.319688717926745,38.72420348283139
52,28.5789487524945,0.9628388652562481,26.026342897555917,27.780736476297353,34.31397067806332,35.32229628937527
53,27.45025168445632,0.9741428557639311,25.94460582997472,25.485352710962026,32.62842992500912,32.18827113686177
54,26.738342905770246,0.986109688373293,28.966640420057793,26.137578744502825,29.234520456317167,29.20746729904145
55,26.445062291085048,0.9984235212550832,21.215926343859635,25.55274495857993,26.444745906992512,26.8580071532884
56,26.55840150879123,1.0107540652037514,28.534378231066064,26.909423925446912,23.415669528825138,24.636603128952
57,27.05314370568085,1.0227708538722813,23.102173967941418,25.547070581301192,22.566669949298074,23.044623918776022
58,27.892022750277864,1.0341575158847671,32.72800066430965,28.226477736133376,21.521409803327117,21.845676035030017
59,29.027353793132136,1.0446253169745197,22.15487369932919,28.709458628628845,21.274624405437272,21.340369773954666
60,30.403067742123834,1.0539252793317608,34.612962118020555,30.726176869239396,20.450006488262485,21.042306397958846
61,31.95706585400962,1.0618582613363494,30.949282693543402,30.709015923016786,20.88913822344838,21.292555344602214
62,33.62379768048422,1.0682824897082521,33.18576517099419,32.18607561870549,21.07635306931899,21.77215777174362
63,35.33695660775672,1.073118171974812,32.64219593319658,33.78256115425946,22.77265453654394,22.628815647199495
64,37.032182560589085,1.076348972720273,29.540172177772703,35.82500178320753,23.6726365411443,23.977441979976014
65,38.64966129512136,1.0780203039823348,42.59538979579045,37.875323471199614,24.73329586554187,25.68977578994319
66,40.13651408471639,1.0782345494181924,41.161485838283745,38.51511629336284,27.632269887330978,27.022089386490272
67,41.44888032927599,1.0771435043802728,43.43737361095458,40.84153853179941,29.63802211915487,28.719443706660655
68,42.55360833286967,1.0749384610878412,35.84116004401271,39.949706236582514,29.43422251927936,30.121309069491257
69,43.42948567566399,1.0718384917597803,41.17228336995557,40.354581297582875,32.1594081419962,31.400347881737332
70,44.0679595907301,1.0680775762533405,38.13622831970596,41.19466076215628,31.74262267969489,32.275034662946794
71,44.47331876627076,1.0638912794199293,43.18586114328558,41.30290440598653,34.02746394856134,33.68489141196993
72,44.66233016819029,1.0595037039178514,47.63777093382159,41.326971309570695,34.01145602520221,34.23614901795049
73,44.66334690813813,1.0551154255462756,36.38237826316395,42.343760460044464,36.48350626439504,35.03466292466353
74,44.51492494916317,1.0508930613319674,41.29261788787641,42.57192011918367,34.91569617189897,35.42835033804843
75,44.26400665308822,1.0469610287153293,43.22017407207477,42.39287994388667,35.73519221326009,36.3906223359834
76,43.963747002534184,1.0433959322395194,44.32665943898166,43.96561993694063,35.99590101548586,36.64405179153103
77,43.671073045688814,1.040223868760319,46.74257005733656,44.010317793876396,38.822816014877034,37.190047308982514
78,43.4440781104525,1.037420781242434,44.24607822843374,43.50393643371312,37.75065354213317,37.72887736220254
79,43.339359165753066,1.0349158234052855,41.516107172555245,43.08524670962965,37.645673759156395,38.32129639263293
80,43.40940809151828,1.0325975319109646,40.68826727125844,41.76427161383201,38.429342479360216,38.331380741295476
81,43.70016545709896,1.0303224484093463,42.23321081856427,42.588891722550805,38.95799616763785,38.98833388706206
82,44.24883878906515,1.0279256989249295,40.137694578348345,43.3084804224362,38.873237758189745,39.7089828096128
83,45.082076504019184,1.0252329300848093,48.36917877202772,45.19108044410821,41.03541927096611,41.17634189051266
84,46.21457413261167,1.0220729263948927,45.11405067198221,46.427651666330455,41.24891837191007,43.00746904593932
85,47.64817176289295,1.0182901942538163,50.1012673796185,48.74904002039343,45.766137883859514,45.22290231851356
86,49.37148150904728,1.0137567987466207,48.41606692967549,50.22519369219181,48.11363194477114,47.31118928904696
87,51.36006208930622,1.0083827784793167,51.744636348663235,52.72751900011531,49.950404121061,50.409180965554654
88,53.57713516388066,1.0021245396980414,55.74994713101963,54.92811019474677,51.476854123633075,53.268389885552004
89,55.97481585870052,0.994990739593453,57.625677211599694,57.38077104104698,56.73887675444854,56.76762917802573
90,58.49580879378791,0.9870453041675874,61.104223352775826,59.9105420600667,60.06218248384629,60.55226206307198
91,61.07550181067797,0.978407381031798,60.67937116117654,62.30005435810515,65.60982840713977,64.78488725112076
92,63.64437323481015,0.9692481936495178,64.39349144376182,63.63815037729412,68.87356854629219,68.68210010615904
93,66.13061558642953,0.9597849318698879,67.69750862121185,64.86280580882824,72.63998006387702,72.85814904792359
94,68.46286969684284,0.9502719750293018,64.31615730754456,67.7761441841395,76.22494102963992,76.63603675995918
95,70.57295856313789,0.9409898897072584,67.2275005104464,70.9766321475102,80.94242719266903,80.28800714482573
96,72.39851017363729,0.9322327665287164,75.24606303773291,71.96404320177783,84.49926696731777,83.78562475194164
97,73.88536296323231,0.9242945525890759,80.39593126061528,73.88254786186371,87.13342047062487,86.77883955006695
98,74.98965633182479,0.9174550931423257,72.63456389254996,76.13822069347594,90.12806809945668,89.06236537887985
99,75.67952142195581,0.9119666150305021,73.908680607974,76.04278504555046,91.19101502026642,90.84712403497039
100,75.93630358160935,0.9080413638943095,78.50586466850756,74.88470568785371,92.36005633673352,91.88208042173325
101,75.75526697153066,0.9058410485566302,74.76888479810542,75.05403627974695,93.42306024777048,91.93223064217545
102,75.14575283482492,0.9054686522367481,74.60553447213167,75.60549794384943,92.30820240443914,91.73524424825456
103,74.13078516884609,0.906963046447542,73.48121685201612,73.76988377761015,90.37881920166775,90.52185683673395
104,72.74614001656086,0.9102966961848615,76.66598892848636,72.85303979047634,90.20608305066187,88.63863550433466
105,71.03891640736303,0.915376582234886,69.32779383731118,72.31918570068198,86.29311927913045,85.86857891837744
106,69.06566723360324,0.9220482968361623,70.18466486243639,70.38329115833423,84.00695358577407,83.01293024273295
107,66.89016622049647,0.9301031016400466,71.9362640231599,67.05073672102344,78.45791947465301,79.33359783183585
108,64.58090190281155,0.9392875808951286,63.801744140277314,65.84280780377186,76.10057582344535,75.6028543303161
109,62.208400558607856,0.9493153864098817,60.0032167419324,62.93502080853666,71.80942099617636,71.24767192164266
110,59.8424869172778,0.9598804614375429,63.28814925105334,60.24037489762545,67.63940177153175,67.20777048889747
111,57.54959387597733,0.9706710540408561,55.64572988626037,58.376678663327525,62.231041542406864,63.146336121347346
112,55.39023032704228,0.9813837908272485,58.46303446860384,56.84808223257867,58.25841231092699,59.32857702127232
113,53.41670960722847,0.9917370813050796,54.48326296878767,54.25344961841349,55.79340398569475,55.67812204845825
114,51.67123029818213,1.0014831615055457,52.36023458818811,52.02701552318488,52.720625495801194,52.44660715814541
115,50.184386578517234,1.0104181608483858,50.314986180227436,50.81181050235571,49.38712690746146,49.40052335585692
116,48.97416764671551,1.0183896844205085,44.51355941011729,48.50383140608926,46.073467090842655,46.60750632677083
117,48.04548562522472,1.0253015380352124,52.38700936445803,47.653020970429885,43.02799329948451,44.2749448206702
118,47.39024964340067,1.0311153783439608,42.94336748745541,47.489417845970394,41.82831884026433,42.48340376449596
119,46.98798136971777,1.0358492365224974,48.10618240989126,48.539091009200476,41.05781796529806,41.17597213482139
120,46.806945040537244,1.039573032680835,49.49697055792996,46.654646232331665,40.429421626590255,40.10908402689073
121,46.80574392384458,1.0424013600606687,49.76192522626772,47.774138809154095,39.53630894246981,39.65923781470062
122,46.935316026218935,1.04448396455861,42.96478548011395,47.61334253882262,37.69355275983118,38.86179128959894
123,47.14124548328546,1.0459944682603222,48.540830371567594,48.09975675821387,39.57908777931378,38.83515968619025
124,47.36629313827423,1.0471179788619884,47.30220105823389,47.22130795033081,37.07058533978968,38.57871218161296
125,47.55304083972014,1.048038285083168,51.92904165488623,47.523402295961056,40.2962636095468,38.975186395233564
126,47.64653934517565,1.048925358319413,45.36968118685239,47.287066179540496,38.254071419583354,38.630258158558846
127,47.59684959312228,1.0499238617810873,44.47525720826521,47.99774384567524,39.675923827934206,38.824057440206836
128,47.36137150503248,1.0511433112674495,47.35914978946475,47.63469478459407,37.85444659594019,38.00886710727272
129,46.9068632234021,1.052650439639911,50.85558938890761,47.41996388405779,38.03958174802963,37.37582277989573
130,46.211066421300025,1.0544641949820408,50.11379634948039,47.797286605952934,36.220311944876215,36.228550611642405
131,45.26386951305521,1.0565536569822485,44.29602668417098,45.5723380480072,35.08884978269837,35.14195470482666
132,44.06795959073009,1.0588389951262445,46.36187081774092,42.93527632883934,33.93956298666761,33.638504905481064
133,42.63893492887957,1.0611954245555817,36.23440699973608,40.2367559567334,32.421467061861456,31.94382528127686
134,41.00487207975995,1.0634599500179551,37.670280793068336,39.04181648487399,30.522332751301647,30.034137123569785
135,39.20536401401207,1.0654405341634283,36.621194488950685,36.086331513263,27.74691382385523,27.791480463771812
136,37.29006752884711,1.0669271918807546,38.32132932487389,36.43052353707525,25.54040899416298,25.57863622924459
137,35.316818355087285,1.0677044047146123,31.584445959685972,36.57123431707576,22.726279687677753,23.463801685012573
138,33.349390217947644,1.0675641745019337,37.955367118797376,34.75509827128861,21.357245889225347,21.78838260302233
139,31.454988813725397,1.0663189972912657,38.373834693070904,31.926209263645767,19.948160030141562,20.2529560828382
140,29.701582652662495,1.0638140394541173,27.54051426001488,30.786954659734697,19.369818413904017,19.106894054130755
141,28.15517953647723,1.0599378376525794,24.176884286659714,28.359650954319854,17.863276393242316,18.50335077944736
142,26.877159807423197,1.0546309208844393,25.888172940130612,26.79549953560869,16.99596954414053,18.110403630143303
143,25.921775326386488,1.0478918620903548,25.818848591723164,27.056773810410345,18.33952951580837,18.267205488606777
144,25.33391649880577,1.0397804029162705,30.553077599515078,26.846377016851665,17.98342428362129,19.09861733063091
145,25.147238839982286,1.0304174508665722,28.846885634023145,27.692189307030247,20.153827706221396,20.55935063575493
146,25.38272599800221,1.0199819148915463,23.124900318866324,28.611922466483787,22.020335603362955,22.508945045164417
147,26.047748428753266,1.0087045144529363,30.117234391023526,27.287394213728145,24.299636069760634,25.379440073311486
148,27.135656768102006,0.9968588592082245,30.417514388990867,29.106223589666723,28.08750156285581,28.35719148751487
149,28.625927195245318,0.9847502429203018,23.930436335736864,30.721131969724258,32.33589942435663,32.087819875097175
150,30.484853618193057,0.9727027181455231,37.94103251371603,31.986628207461017,35.04258477723832,35.935805760719255
151,32.666759256078166,0.9610451110547643,31.199442219153994,33.729083323260916,40.673477541274494,39.98759226915051
152,35.11567905390129,0.950096693394693,36.44471557970734,37.50233770750266,43.53956549787102,44.17216050977466
153,37.76744520805559,0.9401532479865958,39.12978996799035,37.63506424952714,48.346434105012115,48.78812972999046
154,40.55209168912255,0.9314742442327829,42.79670825694558,40.388543368205674,53.25874062747735,52.75562520817449
155,43.39648069236868,0.9242717819164785,38.60466522383844,43.92225796692692,58.122430878317324,56.76772559112986
156,46.227044955897554,0.9187018682593285,44.96683781254667,46.50031014228789,60.510954932194636,60.6990362652135
157,48.972535228998176,0.914858469750977,54.113288573313575,49.36535971001287,63.600067412647896,64.0719256692986
158,51.566662039027776,0.9127706333179837,52.02005084479515,53.36048837817545,68.00298747543027,66.63090883559833
159,53.95052529919542,0.9124028088486409,57.121956095570496,55.644110289086846,70.12318764790284,69.23723591838571
160,56.07473404156539,0.9136583356682323,58.58030856465134,55.16479596591755,70.91734670981606,71.42772183984307
161,57.90113129124333,0.9163858883659889,56.38494736710369,56.75148186712511,73.54259034613145,72.81411647547243
162,59.404055297514255,0.9203885213880911,51.71671695746708,58.782249451038,74.55249701993476,73.99440491234523
163,60.57108734225479,0.9254348154021734,59.953480350832955,58.62100444447221,74.93496065357704,74.18632272743596
164,61.403257377034905,0.9312715189226348,67.27579401513499,60.41803291504867,76.02462983226688,73.47370302234205
165,61.914700936882625,0.937637001926476,57.77408353182235,63.22210183752626,71.87693578526962,72.82764055776758
166,62.13178323197427,0.9442747982837176,65.37008971998601,62.33156741622423,69.97949182066195,71.90133259269328
167,62.091728109362094,0.950946512884994,65.73706156985502,61.16433877518868,71.32218469706243,70.17283866571043
168,61.840809813287144,0.9574434073816613,55.500808244322776,62.28086018237466,70.3034208282055,69.05874259991452
169,61.43218332637033,0.9635960533702216,61.43965080995729,61.23184018177267,67.38216019735263,68.16158351872073
170,60.92344381438119,0.969281549575307,63.35669056775221,60.0013171876401,66.30645545629015,66.70314675000627
171,60.374016721216655,0.974427934269004,60.12498971697602,61.188268751180956,65.49369641469292,65.22821898590401
172,59.84248691727778,0.9790155785125357,59.5844465991922,60.161984545546105,64.03000085349015,64.12559402652961
173,59.38397771336855,0.9830755114649785,61.435566062027085,59.55771135362211,62.92878200769415,63.0131555821545
174,59.047688415472635,0.9866847970113949,56.308229781783005,59.58297647812336,61.86903540048064,61.96244986274777
175,58.874692501354566,0.9899592422344535,60.335324608132204,58.33885489842768,60.74426323441462,61.270706219205316
176,58.89608771849822,0.9930438640706464,60.25131533948234,57.64423633359745,60.24016781765927,60.43433649661991
177,59.13157487651813,0.9961016629725785,53.363838700713785,59.96708051612994,60.57128263577787,59.79883243547861
178,59.58852443130208,0.9993013449223891,57.96247323787589,60.06169952483317,58.74693339476719,59.62002027718582
179,60.261569857188135,1.002804690706856,67.92245069444549,60.405864921167435,58.69151509477409,59.79076237781677
180,61.132745101190686,1.0067542908595755,60.80841965164838,62.56015190321601,59.850202442950724,59.82013061247333
181,62.17216099899359,1.01126234504373,61.97214232115365,64.32927492287135,61.09387832081399,60.37209325111403
182,63.339193324632305,1.0164011669478454,64.13527361095667,63.76037847906895,60.71812380906061,60.47070251568831
183,64.58413405455705,1.02219594311068,66.80808833615257,64.14483643355257,61.50674658797072,60.509889717430745
184,65.85023831647828,1.0286201714825827,65.07796847543348,64.91342514156933,59.18456141764549,60.219718109928216
185,67.07608314732234,1.0355940595908963,62.73070942406645,65.43183920624698,60.046138451662905,60.16634676907927
186,68.19814127288369,1.0429860007894831,65.81508586123748,65.15353767848487,59.64302028330133,60.07069833186574
187,69.15346417385982,1.050617078957143,66.72734393434493,66.02057443364528,60.45126710481586,60.26151288334131
188,69.88236408612094,1.058268386252767,65.41658069734206,66.48637832945717,61.02850440190315,59.870593814752716
189,70.33098448718319,1.0656907840989107,69.41315225123549,68.15520947657477,60.1386341750233,59.3124012389096
190,70.45365305072012,1.0726166028053365,65.05972890312592,68.91902026806066,58.09154310871995,58.6413686313697
191,70.21491982602447,1.0787726674571338,74.15924159682545,69.95628507066137,56.85205740408578,57.417463851799845
192,69.59119616118666,1.0838939627238633,70.54639789177438,69.25879447422878,57.09610406711631,55.688842251510174
193,68.57192611567758,1.087737211175076,70.60290471034558,69.16005024617871,54.908980504053886,54.293827550815024
194,67.16024113641774,1.0900936406044133,65.92569926907257,66.94768602454738,51.49552617357496,52.57773198364671
195,65.3730698229405,1.09080025575957,64.56600776287556,64.8395230997844,51.11646960524419,50.53423136371107
196,63.24069682070524,1.0897490066385214,63.097420488668845,63.019477859980086,48.271579568244164,48.64889891724903
197,60.805787348151775,1.08689335504618,60.00558326795947,61.37997965177211,46.87860096743815,46.64850572236476
198,58.121915663456626,1.0822518775460734,61.502678511323985,60.48847324246665,45.482318271743694,44.46114518269346
199,55.251656019124205,1.075908698973613,57.728208228032706,59.8362364309161,41.49356019915358,43.50853658630578
200,52.26431250820702,1.068010717928996,60.10847571634821,59.779787485234976,40.17966690688769,42.385181792594985
