wavelength_nm,blue_pilot_normalized_power,green_data_normalized_power,red_pilot_normalized_power
400.0,1.5258789062500007e-05,1.874348507969361e-07,3.6075319958766425e-91
401.0,2.3672966015087482e-05,2.376549687606911e-07,1.7847855793272387e-90
402.0,3.6402574213729437e-05,3.007788816536483e-07,8.775787181394761e-90
403.0,5.5482795298915545e-05,3.799720652204492e-07,4.2885481949306484e-89
404.0,8.381685994807313e-05,4.791371950014118e-07,2.082853311906578e-88
405.0,0.00012550217610547687,6.030759233098837e-07,1.0053823416930043e-87
406.0,0.0001862592893935315,7.576837662494208e-07,4.823119239076995e-87
407.0,0.00027398793760787855,9.501843256049402e-07,2.2995821158316916e-86
408.0,0.00039947698271489954,1.1894101194569452e-06,1.0896675647495673e-85
409.0,0.0005772964603312737,1.4861384957513797e-06,5.131724146094297e-85
410.0,0.000826899719104031,1.8534924715412367e-06,2.4019101644019406e-84
411.0,0.0011739608396918672,2.307417894763757e-06,1.1173118242653396e-83
412.0,0.0016519663326170382,2.8672500834404533e-06,5.1655456921668776e-83
413.0,0.00230406957944172,3.556385077700679e-06,2.3734615357016415e-82
414.0,0.0031852007107601747,4.403072861728132e-06,1.0838579468780916e-81
415.0,0.004364402883094613,5.44135239399328e-06,4.919112016695415e-81
416.0,0.00592733782208442,6.712151042534139e-06,2.218836166795532e-80
417.0,0.007978869137696798,8.264574073753111e-06,9.946904262588655e-80
418.0,0.010645592071341942,1.0157413202283198e-05,4.431745552029729e-79
419.0,0.014078134649397724,1.2460906887098442e-05,1.9623924975571467e-78
420.0,0.018453010334836414,1.5258789062500007e-05,8.636168555094496e-78
421.0,0.023973759890837196,1.8650667324286297e-05,3.777291688289504e-77
422.0,0.030871085015924945,2.2754776247571256e-05,1.6419658254376285e-76
423.0,0.03940165393078941,2.7711156482177482e-05,7.093684722769048e-76
424.0,0.04984525553268852,3.3685315534246375e-05,3.0458171581880386e-75
425.0,0.0625,4.0872431668187006e-05,1.2997503801885606e-74
426.0,0.0776753151503949,4.950216810875017e-05,5.5123940492146234e-74
427.0,0.09568257327893695,5.984417063250725e-05,2.323511011982579e-73
428.0,0.11682330416812702,7.221432763936927e-05,9.73359770863365e-73
429.0,0.1413751049191573,8.698187779874485e-05,4.0525299049140097e-72
430.0,0.169575540930959,0.00010457745626314966,1.6768848523349711e-71
431.0,0.20160453540977194,0.00012550217610547687,6.8961140095828585e-71
432.0,0.23756595385686818,0.00015033784691349716,2.8185763386236487e-70
433.0,0.2774692881749866,0.00017975843719175583,1.1449310900336534e-69
434.0,0.3212125130009017,0.00021454289117775666,4.6222461904236214e-69
435.0,0.3685673043227753,0.0002555894136521303,1.8546030753437235e-68
436.0,0.41916785810013035,0.00030393133806223404,7.3955939046778495e-68
437.0,0.47250450840610564,0.00036075469351167346,2.9310235904862796e-67
438.0,0.5279232099232789,0.0004274175845976584,1.1544888683002723e-66
439.0,0.5846317152228222,0.0005054714943856024,4.5194372773202285e-66
440.0,0.6417129487814521,0.0005966846146591787,1.7583412109220103e-65
441.0,0.6981456723153691,0.0007030672986230848,6.799016956120292e-65
442.0,0.7528320741440238,0.0008268997191040295,2.6128427394375425e-64
443.0,0.8046314312209424,0.0009707617996289079,9.979403808361067e-64
444.0,0.852398523948498,0.0011375654661972825,3.788088346246515e-63
445.0,0.8950250709279725,0.0013305892437605073,1.4290906562235432e-62
446.0,0.9314821318134288,0.0015535151930464361,5.358258210411824e-62
447.0,0.9608612343271888,0.0018104681501346345,1.9966947421341626e-61
448.0,0.982411939933184,0.0021060571928459802,7.394756679595868e-61
449.0,0.9955736831881946,0.002445419214374466,2.7218255103760195e-60
450.0,1.0,0.002834264435543577,9.95682444457815e-60
451.0,0.9955736831881946,0.003278923632587337,3.619975217460561e-59
452.0,0.982411939933184,0.0037863967975132794,1.3080204159695063e-58
453.0,0.9608612343271888,0.0043644028830946095,4.69729272979615e-58
454.0,0.9314821318134288,0.005021430214689054,1.6765052072086682e-57
455.0,0.8950250709279725,0.005766787076866315,5.946841526559549e-57
456.0,0.852398523948498,0.006610651904878647,2.096486170840593e-56
457.0,0.8046314312209424,0.007564122430136042,7.345507666871712e-56
458.0,0.7528320741440238,0.008639263046033773,2.5578543348364538e-55
459.0,0.6981456723153691,0.00984914957689873,8.852256279200422e-55
460.0,0.6417129487814521,0.01120791054983156,3.0447828615984974e-54
461.0,0.5846317152228222,0.012730763988373093,1.0408373110403508e-53
462.0,0.5279232099232789,0.014434048669944561,3.5361734208103047e-53
463.0,0.47250450840610564,0.016335248717799733,1.1940112995975881e-52
464.0,0.41916785810013035,0.018453010334836414,4.006890699743751e-52
465.0,0.3685673043227753,0.02080714943322417,1.3363823550460946e-51
466.0,0.3212125130009017,0.023418648872700433,4.429739093279242e-51
467.0,0.2774692881749866,0.02630964399391312,1.4593173304255147e-50
468.0,0.23756595385686818,0.02950339512372031,4.777993013886991e-50
469.0,0.20160453540977194,0.033024245739244645,1.554767517132298e-49
470.0,0.169575540930959,0.03689756500899438,5.028165739724217e-49
471.0,0.1413751049191573,0.04114967348464234,1.6161359402735172e-48
472.0,0.11682330416812702,0.04580775079804313,5.1626225020805017e-48
473.0,0.09568257327893695,0.05089972432644025,1.6390304781434622e-47
474.0,0.0776753151503949,0.05645413792592453,5.171635008875304e-47
475.0,0.0625,0.0625,1.6217835156067266e-46
476.0,0.04984525553268852,0.0690666103670859,5.054545084952123e-46
477.0,0.03940165393078941,0.07618336561789123,1.5656527507904886e-45
478.0,0.030871085015924945,0.08387954291022065,4.8198441319254106e-45
479.0,0.023973759890837196,0.09218406243364984,1.474669575482347e-44
480.0,0.018453010334836414,0.10112522908770041,4.484155085839485e-44
481.0,0.014078134649397724,0.1107304542520131,1.3551604124165795e-43
482.0,0.010645592071341942,0.12102595888217667,4.0702863748914536e-43
483.0,0.007978869137696798,0.1320364595362343,1.2150199356291692e-42
484.0,0.00592733782208442,0.14378483931962052,3.604674208490071e-42
485.0,0.004364402883094613,0.15629180612489096,1.0628520447880257e-41
486.0,0.0031852007107601747,0.16957554093095895,3.1146107875309116e-41
487.0,0.00230406957944172,0.18365133930792957,9.071078646882087e-41
488.0,0.0016519663326170382,0.19853124964086516,2.6256586152069394e-40
489.0,0.0011739608396918672,0.21422371193137119,7.553387470228097e-40
490.0,0.000826899719104031,0.2307332013519658,2.1595807410982913e-39
491.0,0.0005772964603312737,0.24805988100691978,6.136508017347459e-39
492.0,0.00039947698271489954,0.266199268586775,1.7329951365169102e-38
493.0,0.00027398793760787855,0.28514192178448117,4.864044725515952e-38
494.0,0.0001862592893935315,0.30487314746182315,1.356819114751695e-37
495.0,0.00012550217610547687,0.3253727396089221,3.761581922631327e-37
496.0,8.381685994807313e-05,0.3466147511212394,1.0364378717966439e-36
497.0,5.5482795298915545e-05,0.3685673043227753,2.8381817354277334e-36
498.0,3.6402574213729437e-05,0.391192444987251,7.724338648495368e-36
499.0,2.3672966015087482e-05,0.4144460443484613,2.0893278265357537e-35
500.0,1.5258789062500007e-05,0.4382777532455839,5.6166330207924e-35
501.0,9.748421081053307e-06,0.46263101211944496,1.5006163955740587e-34
502.0,6.1729862135725535e-06,0.4874431200635944,3.984625439142652e-34
503.0,3.874388348235755e-06,0.5126453655432613,1.0515489576831202e-33
504.0,2.4102262324491164e-06,0.5381632207312329,2.7580089361240468e-33
505.0,1.4861384957513797e-06,0.563916600679532,7.189290266614264e-33
506.0,9.082545350259826e-07,0.5898201877581899,1.8625182886921822e-32
507.0,5.501773183430473e-07,0.6157838209576849,4.795559139271015e-32
508.0,3.303274047954769e-07,0.641712948781452,1.227162665650765e-31
509.0,1.9657729044276196e-07,0.6675091435621704,3.120967131829194e-31
510.0,1.1594950525907111e-07,0.6930706741343035,7.888609052210105e-31
511.0,6.778775813884843e-08,0.7182931329003512,1.981690603289573e-30
512.0,3.928081216939855e-08,0.7430701124547906,4.947609837115259e-30
513.0,2.2560902160967893e-08,0.7672939260932761,1.2276631396533807e-29
514.0,1.2843378502206577e-08,0.7908563657508252,3.027521014558674e-29
515.0,7.24684407869198e-09,0.8136494901965167,7.420262924870841e-29
516.0,4.052895153398838e-09,0.8355664356780655,1.8074887363782194e-28
517.0,2.246614908725379e-09,0.8565022406708678,4.375786085737486e-28
518.0,1.2343511338619926e-09,0.8763546759547346,1.0528360427363922e-27
519.0,6.721955299546273e-10,0.8950250709279725,2.5176165401687477e-27
520.0,3.6282678118930323e-10,0.9124191268811999,5.983325091071605e-27
521.0,1.941108752727633e-10,0.9284477078987403,1.41325260470054e-26
522.0,1.0293124264479285e-10,0.94302760013769,3.3175781878515594e-26
523.0,5.409926688347002e-11,0.9560822304555002,7.740102594386434e-26
524.0,2.818268457388244e-11,0.9675423357152844,1.794718937118773e-25
525.0,1.455191522836691e-11,0.9773465745906602,4.13590306276519e-25
526.0,7.44740150651118e-12,0.9854420743128125,9.472583340568502e-25
527.0,3.777775941752355e-12,0.9917849055432328,2.1562082155241143e-24
528.0,1.8993912843019283e-12,0.9963404794055267,4.8779476569076904e-24
529.0,9.465411542071139e-13,0.999083861655931,1.0967502774315857e-23
530.0,4.67532039081593e-13,1.0,2.4507699573029493e-23
531.0,2.2889171336749797e-13,0.999083861655931,5.442789279408704e-23
532.0,1.1106969482306533e-13,0.9963404794055267,1.2013364970292815e-22
533.0,5.342049441577224e-14,0.9917849055432328,2.6353117579210927e-22
534.0,2.546636995137464e-14,0.9854420743128125,5.745442808679718e-22
535.0,1.2032974614762216e-14,0.9773465745906602,1.2449135386735013e-21
536.0,5.635413308158616e-15,0.9675423357152844,2.6808903526194933e-21
537.0,2.6159254437625122e-15,0.9560822304555002,5.737769420033618e-21
538.0,1.2035711441528452e-15,0.94302760013769,1.2204818042573248e-20
539.0,5.4886430518307965e-16,0.9284477078987403,2.580142570553783e-20
540.0,2.480875811610649e-16,0.9124191268811999,5.42101086242753e-20
541.0,1.1114549843773263e-16,0.8950250709279725,1.1319859290227523e-19
542.0,4.9354362533108567e-17,0.8763546759547346,2.3492322665667546e-19
543.0,2.1722311239216316e-17,0.8565022406708678,4.845460569552106e-19
544.0,9.476180690651256e-18,0.8355664356780655,9.932723548919975e-19
545.0,4.0973913894762906e-18,0.8136494901965167,2.0236053103613757e-18
546.0,1.7560156566026372e-18,0.7908563657508252,4.0973913894762906e-18
547.0,7.459266662728298e-19,0.7672939260932761,8.245429225840139e-18
548.0,3.1405860588848805e-19,0.7430701124547906,1.6490858451680308e-17
549.0,1.3106057831509317e-19,0.7182931329003512,3.277913111581051e-17
550.0,5.42101086242753e-20,0.6930706741343035,6.475536993156416e-17
551.0,2.2224668462506137e-20,0.6675091435621704,1.2713886142617462e-16
552.0,9.031026584720402e-21,0.641712948781452,2.480875811610649e-16
553.0,3.637355643549656e-21,0.6157838209576849,4.811227681928709e-16
554.0,1.4520488531870052e-21,0.5898201877581899,9.273228730554347e-16
555.0,5.745442808679718e-22,0.563916600679532,1.776356839400265e-15
556.0,2.2532667067316254e-22,0.5381632207312329,3.381844470076266e-15
557.0,8.758878655449286e-23,0.5126453655432613,6.398839641904642e-15
558.0,3.37466941675316e-23,0.4874431200635944,1.2032974614762216e-14
559.0,1.2887265555627981e-23,0.46263101211944496,2.248893825910639e-14
560.0,4.8779476569076904e-24,0.4382777532455839,4.1772366679299685e-14
561.0,1.8300388517838784e-24,0.4144460443484613,7.71140280134931e-14
562.0,6.80503401083817e-25,0.391192444987251,1.4148222268794215e-13
563.0,2.508113041199421e-25,0.3685673043227753,2.579850483115976e-13
564.0,9.162431243642195e-26,0.3466147511212394,4.67532039081593e-13
565.0,3.3175781878515594e-26,0.3253727396089221,8.420781453308278e-13
566.0,1.1906343871372477e-26,0.30487314746182315,1.507362103503241e-12
567.0,4.235283554391227e-27,0.28514192178448117,2.681680084226364e-12
568.0,1.4932529397077552e-27,0.266199268586775,4.741552009749781e-12
569.0,5.2183244867157455e-28,0.24805988100691978,8.332172422425762e-12
570.0,1.8074887363782194e-28,0.2307332013519658,1.455191522836691e-11
571.0,6.205359320053154e-29,0.21422371193137119,2.5258423551383606e-11
572.0,2.1115680643037674e-29,0.19853124964086516,4.357290394985968e-11
573.0,7.121804567457426e-30,0.18365133930792957,7.470521945290431e-11
574.0,2.380794083982512e-30,0.16957554093095895,1.272944780781946e-10
575.0,7.888609052210105e-31,0.15629180612489096,2.155720052046913e-10
576.0,2.5907520386288558e-31,0.14378483931962052,3.6282678118930323e-10
577.0,8.433310286206866e-32,0.1320364595362343,6.069186572479734e-10
578.0,2.7209284814299084e-32,0.12102595888217667,1.0089875755612194e-09
579.0,8.701276908093833e-33,0.1107304542520131,1.6671141068040905e-09
580.0,2.7580089361240468e-33,0.10112522908770041,2.737593822694578e-09
581.0,8.6647325923394e-34,0.09218406243364984,4.467832426667326e-09
582.0,2.6981213315789807e-34,0.08387954291022065,7.24684407869198e-09
583.0,8.327499262072911e-35,0.07618336561789123,1.1682213432554424e-08
584.0,2.547502074218255e-35,0.0690666103670859,1.871653856878443e-08
585.0,7.724338648495368e-36,0.0625,2.98023223876953e-08
586.0,2.321426197978088e-36,0.05645413792592453,4.716272184796165e-08
587.0,6.915049174907336e-37,0.05089972432644025,7.417743156861554e-08
588.0,2.0416555822474646e-37,0.04580775079804313,1.1594950525907111e-07
589.0,5.974705512201072e-38,0.04114967348464234,1.8013171589635402e-07
590.0,1.7329951365169102e-38,0.03689756500899438,2.7812219609644865e-07
591.0,4.98224407898767e-39,0.033024245739244645,4.267812113418444e-07
592.0,1.4197094448577871e-39,0.02950339512372031,6.508772789923728e-07
593.0,4.0097819770674745e-40,0.02630964399391312,9.865454745339482e-07
594.0,1.1225064972115445e-40,0.023418648872700433,1.4861384957513797e-06
595.0,3.1146107875309116e-41,0.02080714943322417,2.224977568771594e-06
596.0,8.565752457618176e-42,0.018453010334836414,3.310672091726957e-06
597.0,2.334931110161555e-42,0.016335248717799733,4.8958812620655265e-06
598.0,6.308548406908844e-43,0.014434048669944561,7.195645560943515e-06
599.0,1.689396632218448e-43,0.012730763988373093,1.0510728722258258e-05
600.0,4.484155085839485e-44,0.01120791054983156,1.5258789062500007e-05
601.0,1.1797132051751022e-44,0.00984914957689873,2.2015648834766007e-05
602.0,3.076231912331628e-45,0.008639263046033773,3.1569455185086355e-05
603.0,7.950757756988082e-46,0.007564122430136042,4.4991126015963835e-05
604.0,2.036783115574971e-46,0.006610651904878647,6.372514260169394e-05
605.0,5.171635008875304e-47,0.005766787076866315,8.970547438205574e-05
606.0,1.3015407300177447e-47,0.005021430214689054,0.00012550217610547687
607.0,3.2466425490437835e-48,0.0043644028830946095,0.0001745049469353446
608.0,8.027087642222932e-49,0.0037863967975132794,0.00024115063378804674
609.0,1.9671086565228214e-49,0.003278923632587337,0.0003312022283807793
610.0,4.777993013886991e-50,0.002834264435543577,0.0004520872618590292
611.0,1.1502956761439345e-50,0.002445419214374466,0.0006133035358219275
612.0,2.7448605174601275e-51,0.0021060571928459802,0.000826899719104031
613.0,6.491990704345924e-52,0.0018104681501346345,0.0011080373453552861
614.0,1.521886674384006e-52,0.0015535151930464361,0.0014756390166229272
615.0,3.5361734208103047e-53,0.0013305892437605073,0.0019531250000000017
616.0,8.143884631343447e-54,0.0011375654661972825,0.002569236754285656
617.0,1.858987570148039e-54,0.0009707617996289079,0.003358941121334418
618.0,4.205989413507515e-55,0.0008268997191040295,0.004364402883094613
619.0,9.432062732505497e-56,0.0007030672986230848,0.005636006101700102
620.0,2.096486170840593e-56,0.0005966846146591787,0.007233396189744464
621.0,4.61874663627987e-57,0.0005054714943856024,0.00922650516741822
622.0,1.0085631424085868e-57,0.0004274175845976584,0.011696512341024772
623.0,2.182874977546324e-58,0.00036075469351167346,0.014736682108812281
624.0,4.6827551285704e-59,0.00030393133806223404,0.018453010334836414
625.0,9.95682444457815e-60,0.0002555894136521303,0.022964601441806242
626.0,2.098394153683405e-60,0.00021454289117775666,0.02840369089947164
627.0,4.3832889575723176e-61,0.00017975843719175583,0.03491522306475687
628.0,9.075278287032582e-62,0.00015033784691349716,0.042655893356044
629.0,1.8623727872200144e-62,0.00012550217610547687,0.05179256750220931
630.0,3.788088346246515e-63,0.00010457745626314966,0.0625
631.0,7.636957911362078e-64,8.698187779874485e-05,0.07495778967400175
632.0,1.5260456006191685e-64,7.221432763936927e-05,0.08934653283089655
633.0,3.0224661196735114e-65,5.984417063250725e-05,0.1058431640453159
634.0,5.933380329892517e-66,4.950216810875017e-05,0.12461551077626158
635.0,1.1544888683002723e-66,4.0872431668187006e-05,0.14581612994701462
636.0,2.2265073239714014e-67,3.3685315534246375e-05,0.169575540930959
637.0,4.256036290007569e-68,2.7711156482177482e-05,0.19599501811606668
638.0,8.063680890542233e-69,2.2754776247571256e-05,0.22513915489753988
639.0,1.5142868789579956e-69,1.8650667324286297e-05,0.2570284566640167
640.0,2.8185763386236487e-70,1.5258789062500007e-05,0.2916322598940292
641.0,5.199939136138336e-71,1.2460906887098442e-05,0.3288623045485639
642.0,9.508533370381051e-72,1.0157413202283198e-05,0.3685673043227753
643.0,1.7233584807133395e-72,8.264574073753111e-06,0.4105288611501579
644.0,3.09588295016683e-73,6.712151042534139e-06,0.4544590543915458
645.0,5.5123940492146234e-74,5.44135239399328e-06,0.5
646.0,9.728430800673236e-75,4.403072861728132e-06,0.5467256203072339
647.0,1.7017358533457865e-75,3.556385077700679e-06,0.5941457918240558
648.0,2.950450412339782e-76,2.8672500834404533e-06,0.6417129487814521
649.0,5.070272569869139e-77,2.307417894763757e-06,0.688831117541916
650.0,8.636168555094496e-78,1.8534924715412367e-06,0.7348672461377994
651.0,1.4580006887798508e-78,1.4861384957513797e-06,0.7791645796604999
652.0,2.4397266171940926e-79,1.1894101194569452e-06,0.8210577223003156
653.0,4.046424258011832e-80,9.501843256049402e-07,0.8598889270616107
654.0,6.651942444603204e-81,7.576837662494208e-07,0.8950250709279725
655.0,1.0838579468780916e-81,6.030759233098837e-07,0.9258747122872905
656.0,1.7504232194174183e-82,4.791371950014118e-07,0.9519045934537708
657.0,2.8019512898590863e-83,3.799720652204492e-07,0.9726549474122855
658.0,4.445543995329671e-84,3.007788816536483e-07,0.9877529959958377
659.0,6.990947813181172e-85,2.376549687606911e-07,0.9969240862100921
660.0,1.0896675647495673e-85,1.874348507969361e-07,1.0
661.0,1.683444501524604e-86,1.4755627345717665e-07,0.9969240862100921
662.0,2.577807003226671e-87,1.1594950525907111e-07,0.9877529959958377
663.0,3.912450095344653e-88,9.094608507151472e-08,0.9726549474122855
664.0,5.8856446655486025e-89,7.120377274695757e-08,0.9519045934537708
665.0,8.775787181394761e-90,5.564496705460256e-08,0.9258747122872905
666.0,1.2969551043685685e-90,4.340628937921804e-08,0.8950250709279725
667.0,1.899811965938901e-91,3.3797402265522386e-08,0.8598889270616107
668.0,2.758310234318701e-92,2.6267447194533425e-08,0.8210577223003156
669.0,3.969377640126396e-93,2.037775340763726e-08,0.7791645796604999
670.0,5.661722028113495e-94,1.5779695731797415e-08,0.7348672461377994
671.0,8.004265457476511e-95,1.2196770012447681e-08,0.688831117541916
672.0,1.121608365094034e-95,9.41011502632861e-09,0.6417129487814521
673.0,1.557786055735671e-96,7.2468440786919286e-09,0.5941457918240558
674.0,2.1444760505345624e-97,5.570661763102236e-09,0.5467256203072339
675.0,2.9260477216827695e-98,4.2743349351484e-09,0.5
676.0,3.957203872332298e-99,3.2736647213402824e-09,0.4544590543915458
677.0,5.304473229409803e-100,2.5026708421635683e-09,0.4105288611501579
678.0,7.047627062863023e-101,1.909752806809772e-09,0.3685673043227753
679.0,9.280906197566821e-102,1.4546364565240094e-09,0.3288623045485639
680.0,1.2113919072122187e-102,1.1059504411552754e-09,0.2916322598940292
681.0,1.5672048565085472e-103,8.393068202352904e-10,0.2570284566640167
682.0,2.0096188034222124e-104,6.357841925089641e-10,0.22513915489753988
683.0,2.5541618778636892e-105,4.807315075725925e-10,0.19599501811606668
684.0,3.217584547172969e-106,3.6282678118930194e-10,0.169575540930959
685.0,4.0175226371750066e-107,2.733379748720807e-10,0.14581612994701462
686.0,4.972027403360579e-108,2.0554385454718355e-10,0.12461551077626158
687.0,6.098956147485497e-109,1.5428116451707252e-10,0.1058431640453159
688.0,7.415224838627852e-110,1.1559131584540914e-10,0.08934653283089655
689.0,8.935934013946735e-111,8.644530173589325e-11,0.07495778967400175
690.0,1.0673390487205666e-111,6.452997087518613e-11,0.0625
691.0,1.263605942893336e-112,4.808232186024112e-11,0.05179256750220931
692.0,1.4827493324507606e-113,3.576129860866582e-11,0.042655893356044
693.0,1.724529511047681e-114,2.6548807495037037e-11,0.03491522306475687
694.0,1.9880181275666241e-115,1.9673455326337805e-11,0.02840369089947164
695.0,2.2715215729546472e-116,1.4551915228366805e-11,0.022964601441806242
696.0,2.572528574143568e-117,1.074393955496274e-11,0.018453010334836414
697.0,2.8876886443614215e-118,7.917915163651196e-12,0.014736682108812281
698.0,3.212826984418654e-119,5.824545197609405e-12,0.011696512341024772
699.0,3.5429998060572146e-120,4.276781696644161e-12,0.00922650516741822
700.0,3.872591914849292e-121,3.134556002840104e-12,0.007233396189744464
